id,vSlope,vPower,vBias,a,t0,w,weight_w,weight_v,lapse,bias_strength,d,w0,w1,w2,w3,w4,w5,w6,w7,w8,w9,w10,w11,w12,w13,w14,w15,k,max_log_lik,aic
1.0,4.264751505695149,0.7034749223056584,0.8721105560931672,1.2055111094073077,0.007637903898994763,0.42748088393066097,8.042445604585947e-05,2.5932417615143324,6.849491564942699e-10,13.821498769924288,0.9683193307227858,0.5388410991474382,-1.0,-1.0,-1.0,-1.0,-1.0,-1.0,-1.0,-1.0,-1.0,-1.0,-1.0,-1.0,-1.0,-1.0,-1.0,1,862.8941981076609,-1701.7883962153219
2.0,4.452827280161364,0.4519474462038193,-0.12794093963118547,1.1081872849628485,0.21384297330627255,0.539733053218696,9.725504493656861e-06,8.99937010326878,0.02517851828137263,810.1952773014189,0.9957484045469713,0.519311988440279,-1.0,-1.0,-1.0,-1.0,-1.0,-1.0,-1.0,-1.0,-1.0,-1.0,-1.0,-1.0,-1.0,-1.0,-1.0,1,1074.41428494072,-2124.82856988144
3.0,6.223215206807501,0.6391164017662554,-0.75134982773496,1.1810579183355738,0.2613801290026174,0.5324479018940156,7.3433687999022085e-06,1.258129370055325,0.04108710407915449,1999.9969423409661,0.9953142299058617,0.48221054179382694,0.2519545550034765,0.634344411483386,0.40314213439598845,0.6670295713634266,0.09983150703497101,0.6407235731270267,0.3423504472815241,-1.0,-1.0,-1.0,-1.0,-1.0,-1.0,-1.0,-1.0,4,805.0995674231546,-1572.199134846309
4.0,4.056558873911707,0.40615310056903137,0.06790557454994328,1.630987791435769,0.1491984941323894,0.4953322886148318,0.6079243633404713,2.968947016630065,0.02024577094088726,58.00286872610243,0.9211783199710081,0.6171582397755137,-1.0,-1.0,-1.0,-1.0,-1.0,-1.0,-1.0,-1.0,-1.0,-1.0,-1.0,-1.0,-1.0,-1.0,-1.0,1,-544.224656981656,1112.449313963312
5.0,6.213245597026208,0.5328610533160357,-0.2861453574067543,0.9366488276006752,0.23577191528291702,0.5607236803609155,0.2545709802527158,29.999684178288547,0.022719937682848836,1051.6510299648344,0.9924695238435582,0.5091858863599648,0.5032228151795046,0.5149463850278444,0.4966644399338698,0.5100489813895697,0.4981402749858953,0.5039888817654614,0.49522754234719657,-1.0,-1.0,-1.0,-1.0,-1.0,-1.0,-1.0,-1.0,4,2779.2794431960656,-5520.558886392131
6.0,2.515898439251456,0.5375574971413968,-0.09885676208165606,1.9153258584872799,0.3879832599373191,0.5198370822952288,11.501791783716827,8.99260104815142,0.026442636091430466,1840.2900128526985,0.9103395327789581,0.5075165233148908,0.4902670547060646,0.5040546806022169,0.49574895905494976,0.5079572564113748,0.4917559352564855,0.5035623622790889,0.4969124791389943,-1.0,-1.0,-1.0,-1.0,-1.0,-1.0,-1.0,-1.0,4,-3082.7617851776877,6203.523570355375
7.0,3.925946361335319,0.3364074036709936,0.27983995734766065,1.1896305958577853,0.31027628415957265,0.4785038032574882,2.8477196244622876e-06,5.1878431346778004,0.02331484730757239,211.6482180976873,0.9926975547789189,0.5189220794467466,0.5336064103795033,-1.0,-1.0,-1.0,-1.0,-1.0,-1.0,-1.0,-1.0,-1.0,-1.0,-1.0,-1.0,-1.0,-1.0,2,1154.3852426865344,-2282.770485373069
9.0,3.775894067375796,0.28168710453543855,-0.16036794339031601,1.2909556731431389,0.4109573212389995,0.5382319872913518,4.890249379502884,0.03136995071132202,0.019150016854998016,1333.6082291876826,0.998226086760259,0.5552446251091907,0.5016570443226864,0.5225469230409461,0.47989498863281455,0.5227115998871908,0.4726290329328475,0.532726157575729,0.44669098409548336,-1.0,-1.0,-1.0,-1.0,-1.0,-1.0,-1.0,-1.0,4,918.9080882352021,-1799.8161764704041
11.0,3.013178940273006,0.2770393238489322,0.008077884490978349,1.3163867693754159,0.32501381698292037,0.5002949162381656,9.106636056499168e-05,14.17613217197138,0.011311672465689935,1999.9953483351408,0.9305918247304863,0.5189782652479638,0.49449570376958846,-1.0,-1.0,-1.0,-1.0,-1.0,-1.0,-1.0,-1.0,-1.0,-1.0,-1.0,-1.0,-1.0,-1.0,2,300.3938836177215,-574.787767235443
12.0,5.046359527551496,0.44323165414901544,-0.03210369698500948,1.4791264621592521,0.4384897510555234,0.5094635081168376,1.3241339557110545e-06,3.7578734448891153,0.017701429797131383,16.90242787322635,0.9951141775554665,0.7275837975446598,0.6286253456560977,0.7549888968574214,0.48830567728801233,-1.0,-1.0,-1.0,-1.0,-1.0,-1.0,-1.0,-1.0,-1.0,-1.0,-1.0,-1.0,3,853.2870495861974,-1676.5740991723949
13.0,3.086349919331753,0.3051673171413248,-0.08512310267647294,1.3402058987157794,0.1406851557962073,0.49553568098252215,1.6010745928955083e-05,4.2779343550087,0.013313657453735268,133.2613460268835,0.9952753163244925,0.5492175802158892,0.49520697265879704,-1.0,-1.0,-1.0,-1.0,-1.0,-1.0,-1.0,-1.0,-1.0,-1.0,-1.0,-1.0,-1.0,-1.0,2,264.1283151336087,-502.25663026721736
14.0,4.402863849294582,0.5847567543470048,-0.844611353481973,1.2621709271901205,0.06895210021828235,0.6011573610874741,1.1479777819572907,14.591411734393784,0.011475988183624703,1999.4597514677025,0.9010119620386084,0.5217885883442266,0.49803528939802355,0.4957678621088617,0.5003008764927546,-1.0,-1.0,-1.0,-1.0,-1.0,-1.0,-1.0,-1.0,-1.0,-1.0,-1.0,-1.0,3,692.2055999509619,-1354.4111999019237
15.0,4.266947624783072,0.3096867550866758,0.008804614750248518,1.3780547389976767,0.1237804243518909,0.49722757082971836,0.002861734514902778,8.091709736088584,0.027137456354122215,411.75069124777065,0.9933533024350063,0.47799788886158756,-1.0,-1.0,-1.0,-1.0,-1.0,-1.0,-1.0,-1.0,-1.0,-1.0,-1.0,-1.0,-1.0,-1.0,-1.0,1,825.4042412050565,-1626.808482410113
16.0,6.156102383196826,0.5323657785628951,-0.06305887765602369,1.222541744695466,0.14287612790518484,0.5052697670840938,2.0642520265738595e-05,23.70580060633551,0.03774064003873384,1999.5360504486778,0.9966518546396534,0.5025425151782625,0.515036936789967,0.5262111691932236,0.48703711262645144,0.5256118593078262,0.48535911509855223,0.5050986782603004,0.4845586035985971,-1.0,-1.0,-1.0,-1.0,-1.0,-1.0,-1.0,-1.0,4,1083.3292109501258,-2128.6584219002516
18.0,6.2115333193796065,0.7479486980249335,0.14063207077347872,1.5060545579570401,0.22080709882020466,0.5121732918532768,2.5029943905257386,5.944505635108752,0.04999987398397505,1999.9113243301713,0.9999999999475465,0.4995091472986573,-1.0,-1.0,-1.0,-1.0,-1.0,-1.0,-1.0,-1.0,-1.0,-1.0,-1.0,-1.0,-1.0,-1.0,-1.0,1,-968.1278500465228,1960.2557000930456
19.0,4.30131784644213,0.5464035542143754,-0.0270929770202617,1.3031987595129864,0.24488043208278656,0.5076666797565594,1.4876298413224516,8.803393296069089,0.015471984623295909,1010.4289922173391,0.9974187182004871,0.47807067546395887,0.5273472814780161,0.4882303902771887,0.49435128599381745,-1.0,-1.0,-1.0,-1.0,-1.0,-1.0,-1.0,-1.0,-1.0,-1.0,-1.0,-1.0,3,96.14939139897818,-162.29878279795636
20.0,5.551945538696982,0.6456882077534666,0.10601798253067152,1.351434385964507,0.2064002876428329,0.4774201929896077,7.2559956329541495e-06,7.4421208742240506,0.013988975633761575,337.4742374750356,0.9960695959244803,0.4675421885598232,-1.0,-1.0,-1.0,-1.0,-1.0,-1.0,-1.0,-1.0,-1.0,-1.0,-1.0,-1.0,-1.0,-1.0,-1.0,1,464.1051381367185,-904.210276273437
21.0,5.921459275406106,0.7022789576352682,-0.7414681766381195,1.2423284626247775,0.042670501891549084,0.5725072575116672,2.873291350150606,8.74179092802811,0.013888616069531685,1999.9978852787121,0.9966930713833434,0.5160867859830321,0.5080048256850177,-1.0,-1.0,-1.0,-1.0,-1.0,-1.0,-1.0,-1.0,-1.0,-1.0,-1.0,-1.0,-1.0,-1.0,2,1119.2591255480738,-2212.5182510961477
23.0,5.58866249850528,0.9999999157079251,1.1694308258909878,1.5992880508247633,0.1906249574066111,0.3505729088983433,4.579948228891931,3.321944085547491,0.014503249520830555,1999.999994991473,0.9000006464842488,0.53054210930068,-1.0,-1.0,-1.0,-1.0,-1.0,-1.0,-1.0,-1.0,-1.0,-1.0,-1.0,-1.0,-1.0,-1.0,-1.0,1,-392.844644665659,809.689289331318
24.0,3.5068680299744877,0.3010420207753266,-0.13837103509933524,1.56839879879455,0.019806291245868635,0.5177494579746079,0.0041404865161787105,9.757593803918937,0.0042138963968225895,1744.839750394042,0.9007141380162997,0.5044859961167041,0.4956813529297432,0.4860475173994921,0.5109803415633576,0.5142813784326234,0.4697061418716769,0.508559507863644,0.49344313483464763,-1.0,-1.0,-1.0,-1.0,-1.0,-1.0,-1.0,-1.0,4,198.81496434702015,-359.6299286940403
26.0,5.348608753269326,0.542528459948319,0.36058088484267703,1.1595894389852652,0.19538859652388954,0.44581182357565846,3.404128735338785e-05,18.032409930970395,0.024815810928078195,1999.9414999970127,0.9942052654576354,0.5059533742651467,0.5083323653905161,-1.0,-1.0,-1.0,-1.0,-1.0,-1.0,-1.0,-1.0,-1.0,-1.0,-1.0,-1.0,-1.0,-1.0,2,1223.28268301222,-2420.56536602444
27.0,4.770783956419464,0.2697877266189998,-0.1987957822700399,1.0467801263579164,0.2169039939063386,0.5200835598996121,1.645698995557659e-05,29.97367442901986,0.016011565563397525,1997.4416567392605,0.9941706049457917,0.5000611038018055,0.507528541471254,0.48916257753166215,0.501203782295023,-1.0,-1.0,-1.0,-1.0,-1.0,-1.0,-1.0,-1.0,-1.0,-1.0,-1.0,-1.0,3,2722.2657471287266,-5414.531494257453
